rank,cola,mrpc,qnli,rte,sst2,stsb,wnli,params
1,0.5336228410402933,0.8766942620277405,0.8780889511108398,0.6606498062610626,0.9392201900482178,0.9001274704933167,0.577464779218038,38400
2,0.5470131635665894,0.853487491607666,0.9116785526275635,0.6859205961227417,0.9375,0.8960863351821899,0.5727699597676595,75264
4,0.5261469086011251,0.8529995580514272,0.915614128112793,0.6480144262313843,0.9294724762439728,0.8566800355911255,0.5727699597676595,148992
8,0.5190790494283041,0.8376813232898712,0.9126853346824646,0.6570397019386292,0.9357798099517822,0.8899139165878296,0.5680751204490662,296448
16,0.5083534518877665,0.8352467715740204,0.8841295838356018,0.6317689617474874,0.9415137767791748,0.8866044878959656,0.5680751204490662,591360
32,0.501960555712382,0.8232847054799398,0.9114039838314056,0.5866425931453705,0.9420871734619141,0.8767789006233215,0.5680751204490662,1181184
