rank,cola,mrpc,qnli,rte,sst2,stsb,wnli,params
1,0.2547544588645299,0.7628602385520935,0.8264689445495605,0.5896510084470113,0.8837920427322388,0.6127700209617615,0.5633803009986877,3096
2,0.33913103739420575,0.7888043026129404,0.8396485447883606,0.6028881072998047,0.8941131432851156,0.7975252668062845,0.5633803009986877,4704
4,0.35419652859369916,0.7979973951975504,0.8575873970985413,0.6028880774974823,0.9088302552700043,0.8322853247324625,0.5633803009986877,8064
8,0.43336519598960876,0.8165186842282613,0.8716822266578674,0.5980746150016785,0.9185779690742493,0.843478262424469,0.5633803009986877,15360
16,0.4875074625015259,0.8480778237183889,0.8848617970943451,0.5938628315925598,0.9225917458534241,0.8757274945576986,0.5633803009986877,32256
32,0.5260722438494364,0.8785948654015859,0.9001464545726776,0.667870044708252,0.9334862232208252,0.8861589431762695,0.5633803009986877,75264
